[
{
  "model": "sessions.session",
  "pk": "k115aktqjofw40sbngnqtdfhi19klkmh",
  "fields": {
    "session_data": ".eJxVjMsOwiAUBf-FtSGltFxw6d5vIPcBUjU0Ke3K-O_apAvdnpk5LxVxW0vcWlriJOqsjDr9boT8SHUHcsd6mzXPdV0m0ruiD9r0dZb0vBzu30HBVr61NQ6ZA1sYsssGhs6KASYXmEZ0wWeE7MV2tk_ISLY3RCA-jcYBeK_eH-ugOAs:1vdtPM:cdv94V22Q-znogJh-GxC9Abxh5Z6CI1sfXoSZeUQiFc",
    "expire_date": "2026-01-22T17:02:48.982Z"
  }
},
{
  "model": "accounts.user",
  "pk": 1,
  "fields": {
    "password": "pbkdf2_sha256$1000000$YGk0Kyw7sZKTEaFXjMNGNI$kKU1SoysclpkbdRywHN2SB0JuSHZ/e0wzwEPYU/Qiow=",
    "last_login": "2026-01-08T17:02:48.929Z",
    "is_superuser": true,
    "first_name": "",
    "last_name": "",
    "is_staff": true,
    "is_active": true,
    "date_joined": "2026-01-08T16:24:26.979Z",
    "email": "admin@example.com",
    "tipo_usuario": "CLIENTE",
    "telefone": "",
    "foto_perfil": "",
    "foto_documento": "",
    "endereco": "",
    "cidade": "",
    "provincia": "",
    "codigo_postal": "",
    "latitude": null,
    "longitude": null,
    "data_criacao": "2026-01-08T16:24:27.948Z",
    "data_atualizacao": "2026-01-25T10:45:05.138Z",
    "is_verificado": false,
    "groups": [],
    "user_permissions": []
  }
},
{
  "model": "accounts.user",
  "pk": 2,
  "fields": {
    "password": "pbkdf2_sha256$1000000$Lhk341OTTQqlIEuWtrNgNA$HiDTPjLHrE9+ooKwx/K2OyOQRMjq2dQqC/BS83N9wsw=",
    "last_login": "2026-01-12T23:44:35.588Z",
    "is_superuser": false,
    "first_name": "Farmacia",
    "last_name": "Teste",
    "is_staff": false,
    "is_active": true,
    "date_joined": "2026-01-08T19:42:09.477Z",
    "email": "farmacia@teste.com",
    "tipo_usuario": "FARMACIA",
    "telefone": "",
    "foto_perfil": "",
    "foto_documento": "",
    "endereco": "",
    "cidade": "",
    "provincia": "",
    "codigo_postal": "",
    "latitude": null,
    "longitude": null,
    "data_criacao": "2026-01-08T19:42:10.212Z",
    "data_atualizacao": "2026-01-25T10:44:47.399Z",
    "is_verificado": false,
    "groups": [],
    "user_permissions": []
  }
},
{
  "model": "accounts.user",
  "pk": 3,
  "fields": {
    "password": "pbkdf2_sha256$1000000$nHiPHsf4UYicmzNCkUY0sv$PoO/JyiWT1G0xOHAbyusvv1CMeZdbgWf35539zHEssE=",
    "last_login": null,
    "is_superuser": false,
    "first_name": "Cliente",
    "last_name": "Teste",
    "is_staff": false,
    "is_active": true,
    "date_joined": "2026-01-08T19:42:10.261Z",
    "email": "cliente@teste.com",
    "tipo_usuario": "CLIENTE",
    "telefone": "",
    "foto_perfil": "",
    "foto_documento": "",
    "endereco": "",
    "cidade": "",
    "provincia": "",
    "codigo_postal": "",
    "latitude": null,
    "longitude": null,
    "data_criacao": "2026-01-08T19:42:10.974Z",
    "data_atualizacao": "2026-01-25T10:45:03.135Z",
    "is_verificado": false,
    "groups": [],
    "user_permissions": []
  }
},
{
  "model": "accounts.user",
  "pk": 4,
  "fields": {
    "password": "pbkdf2_sha256$1000000$DoGRXAB43i6b9spZmSIPsL$6qAS3Uj5YHEbqyCH1Kx7aQy74v5FhZtAufuy4pjdKhY=",
    "last_login": null,
    "is_superuser": false,
    "first_name": "João",
    "last_name": "Motoboy",
    "is_staff": false,
    "is_active": true,
    "date_joined": "2026-01-09T05:27:14.196Z",
    "email": "motoboy@teste.com",
    "tipo_usuario": "ENTREGADOR",
    "telefone": "841234567",
    "foto_perfil": "",
    "foto_documento": "",
    "endereco": "",
    "cidade": "",
    "provincia": "",
    "codigo_postal": "",
    "latitude": null,
    "longitude": null,
    "data_criacao": "2026-01-09T05:27:15.342Z",
    "data_atualizacao": "2026-01-25T10:44:57.098Z",
    "is_verificado": false,
    "groups": [],
    "user_permissions": []
  }
},
{
  "model": "accounts.user",
  "pk": 5,
  "fields": {
    "password": "pbkdf2_sha256$1000000$fLMuaQuQJpbmYMBVy2dcUB$fw8qigPrxXufvszQZ4GHEkHSPfpy+P79giYjiif/Nq8=",
    "last_login": "2026-01-12T23:43:02.671Z",
    "is_superuser": false,
    "first_name": "Afonso",
    "last_name": "Pene",
    "is_staff": false,
    "is_active": true,
    "date_joined": "2026-01-12T16:16:35.220Z",
    "email": "nachingweya@gmail.com",
    "tipo_usuario": "CLIENTE",
    "telefone": "+258847981166",
    "foto_perfil": "",
    "foto_documento": "",
    "endereco": "Vila Olimpica 1346",
    "cidade": "",
    "provincia": "",
    "codigo_postal": "",
    "latitude": null,
    "longitude": null,
    "data_criacao": "2026-01-12T16:16:37.350Z",
    "data_atualizacao": "2026-01-25T10:45:01.164Z",
    "is_verificado": false,
    "groups": [],
    "user_permissions": []
  }
},
{
  "model": "accounts.user",
  "pk": 6,
  "fields": {
    "password": "pbkdf2_sha256$1000000$2vIsbRMNWZC8zR8zFnFknn$IGzE89IjqsZ9si3zAyxKUvwIYzzwzq+od+psmv/JrZc=",
    "last_login": "2026-01-13T00:12:33.969Z",
    "is_superuser": false,
    "first_name": "Antonio",
    "last_name": "LOpes",
    "is_staff": false,
    "is_active": true,
    "date_joined": "2026-01-13T00:11:33.278Z",
    "email": "motoboy1@teste.com",
    "tipo_usuario": "ENTREGADOR",
    "telefone": "847981100",
    "foto_perfil": "",
    "foto_documento": "",
    "endereco": "",
    "cidade": "",
    "provincia": "",
    "codigo_postal": "",
    "latitude": null,
    "longitude": null,
    "data_criacao": "2026-01-13T00:11:35.218Z",
    "data_atualizacao": "2026-01-25T10:44:55.129Z",
    "is_verificado": false,
    "groups": [],
    "user_permissions": []
  }
},
{
  "model": "accounts.user",
  "pk": 7,
  "fields": {
    "password": "pbkdf2_sha256$1000000$lNg3afFRxB6fm7AvVP6Ypn$Wph+oxmvvGrfXxW5vFRRfMqPSblHK7RUX7RE8DKppNY=",
    "last_login": null,
    "is_superuser": false,
    "first_name": "Motoboy",
    "last_name": "Teste",
    "is_staff": false,
    "is_active": true,
    "date_joined": "2026-01-13T00:14:49.098Z",
    "email": "motoboy2@teste.com",
    "tipo_usuario": "ENTREGADOR",
    "telefone": "123",
    "foto_perfil": "",
    "foto_documento": "",
    "endereco": "",
    "cidade": "",
    "provincia": "",
    "codigo_postal": "",
    "latitude": null,
    "longitude": null,
    "data_criacao": "2026-01-13T00:14:49.990Z",
    "data_atualizacao": "2026-01-25T10:44:53.335Z",
    "is_verificado": false,
    "groups": [],
    "user_permissions": []
  }
},
{
  "model": "accounts.user",
  "pk": 8,
  "fields": {
    "password": "pbkdf2_sha256$1000000$ZXrQUKAklsWsBVBXP6U7AX$3ELpZmzc4yBGN+8wagLb6qscchoSUzWlrQKoBSD6vY8=",
    "last_login": null,
    "is_superuser": false,
    "first_name": "Entregador",
    "last_name": "Teste",
    "is_staff": false,
    "is_active": true,
    "date_joined": "2026-01-13T00:29:27.244Z",
    "email": "entregador1@teste.com",
    "tipo_usuario": "ENTREGADOR",
    "telefone": "84123456",
    "foto_perfil": "",
    "foto_documento": "",
    "endereco": "",
    "cidade": "",
    "provincia": "",
    "codigo_postal": "",
    "latitude": null,
    "longitude": null,
    "data_criacao": "2026-01-13T00:29:27.834Z",
    "data_atualizacao": "2026-01-25T10:44:51.303Z",
    "is_verificado": false,
    "groups": [],
    "user_permissions": []
  }
},
{
  "model": "accounts.user",
  "pk": 9,
  "fields": {
    "password": "pbkdf2_sha256$1000000$dX1mAxi4Ku2yUEO9U6aJ7E$6d38L/G1jYeCb0+gDIMSP/bAJ7v8qN59fpnxhswHp7E=",
    "last_login": null,
    "is_superuser": true,
    "first_name": "Administrador",
    "last_name": "",
    "is_staff": true,
    "is_active": true,
    "date_joined": "2026-01-25T04:45:26.987Z",
    "email": "admin@gestorfarma.com",
    "tipo_usuario": "ADMIN",
    "telefone": "",
    "foto_perfil": "",
    "foto_documento": "",
    "endereco": "",
    "cidade": "",
    "provincia": "",
    "codigo_postal": "",
    "latitude": null,
    "longitude": null,
    "data_criacao": "2026-01-25T04:45:27.483Z",
    "data_atualizacao": "2026-01-25T10:45:07.121Z",
    "is_verificado": false,
    "groups": [],
    "user_permissions": []
  }
},
{
  "model": "accounts.user",
  "pk": 10,
  "fields": {
    "password": "pbkdf2_sha256$1200000$cA58jGhxSTF967ieRZIe7O$pWlkxtLAmDDhRYH8Z9G0iDfnX8rvr69lgN2YbVpnIl0=",
    "last_login": "2026-02-11T19:15:40.233Z",
    "is_superuser": false,
    "first_name": "Farmacia Central",
    "last_name": "",
    "is_staff": false,
    "is_active": true,
    "date_joined": "2026-01-25T04:45:27.524Z",
    "email": "farmacia@gestorfarma.com",
    "tipo_usuario": "FARMACIA",
    "telefone": "",
    "foto_perfil": "",
    "foto_documento": "",
    "endereco": "",
    "cidade": "",
    "provincia": "",
    "codigo_postal": "",
    "latitude": null,
    "longitude": null,
    "data_criacao": "2026-01-25T04:45:28.027Z",
    "data_atualizacao": "2026-01-25T10:44:45.572Z",
    "is_verificado": false,
    "groups": [],
    "user_permissions": []
  }
},
{
  "model": "accounts.user",
  "pk": 11,
  "fields": {
    "password": "pbkdf2_sha256$1000000$CtrDyTDJPoH6ryeoQCPTZs$OfV52mcdbHc5L4RuFlL60k7UdVGJsv1RbBcEXiBWzZA=",
    "last_login": null,
    "is_superuser": false,
    "first_name": "Joao Motoboy",
    "last_name": "",
    "is_staff": false,
    "is_active": true,
    "date_joined": "2026-01-25T04:46:59.631Z",
    "email": "entregador@gestorfarma.com",
    "tipo_usuario": "ENTREGADOR",
    "telefone": "",
    "foto_perfil": "",
    "foto_documento": "",
    "endereco": "",
    "cidade": "",
    "provincia": "",
    "codigo_postal": "",
    "latitude": null,
    "longitude": null,
    "data_criacao": "2026-01-25T04:47:00.147Z",
    "data_atualizacao": "2026-01-25T10:44:49.361Z",
    "is_verificado": false,
    "groups": [],
    "user_permissions": []
  }
},
{
  "model": "accounts.user",
  "pk": 12,
  "fields": {
    "password": "pbkdf2_sha256$1000000$zYKmIOt0GQB47EHpj5m4uA$2Whg31ZYWqHMz0LK9RquSL+xIbjw5US5C5NsWBnkYzg=",
    "last_login": "2026-01-25T05:55:50.581Z",
    "is_superuser": false,
    "first_name": "Maria Cliente",
    "last_name": "",
    "is_staff": false,
    "is_active": true,
    "date_joined": "2026-01-25T04:47:37.420Z",
    "email": "cliente@gestorfarma.com",
    "tipo_usuario": "CLIENTE",
    "telefone": "",
    "foto_perfil": "",
    "foto_documento": "",
    "endereco": "",
    "cidade": "",
    "provincia": "",
    "codigo_postal": "",
    "latitude": null,
    "longitude": null,
    "data_criacao": "2026-01-25T04:47:37.935Z",
    "data_atualizacao": "2026-01-25T10:44:59.096Z",
    "is_verificado": false,
    "groups": [],
    "user_permissions": []
  }
},
{
  "model": "accounts.user",
  "pk": 13,
  "fields": {
    "password": "pbkdf2_sha256$1200000$4scdmjD8li9qwGTqkBBNdN$DiRO9wVor0B+8QNQBZSQndmGgOmQZjxalM0LMsDGXkw=",
    "last_login": "2026-01-29T19:38:53.347Z",
    "is_superuser": false,
    "first_name": "AMILCAR",
    "last_name": "DAS NEVES",
    "is_staff": false,
    "is_active": true,
    "date_joined": "2026-01-29T12:16:37.999Z",
    "email": "amilcar@amilcar.com",
    "tipo_usuario": "FARMACIA",
    "telefone": "87777777",
    "foto_perfil": "",
    "foto_documento": "",
    "endereco": "",
    "cidade": "",
    "provincia": "",
    "codigo_postal": "",
    "latitude": null,
    "longitude": null,
    "data_criacao": "2026-01-29T12:16:38.922Z",
    "data_atualizacao": "2026-01-29T12:16:38.923Z",
    "is_verificado": false,
    "groups": [],
    "user_permissions": []
  }
},
{
  "model": "farmacias.gibagio",
  "pk": 1,
  "fields": {
    "nome": "Sede Central",
    "codigo": "HQ-001",
    "descricao": "",
    "is_ativo": true,
    "data_criacao": "2026-01-29T12:32:49.112Z"
  }
},
{
  "model": "farmacias.farmacia",
  "pk": 2,
  "fields": {
    "usuario": 2,
    "gibagio": null,
    "nome": "Farmácia GestorFarma",
    "nome_fantasia": "",
    "nuit": "400123456",
    "alvara": "",
    "percentual_iva": "16.00",
    "telefone_principal": "840000000",
    "telefone_alternativo": "",
    "email": "",
    "website": "",
    "endereco": "Av. 24 de Julho, Maputo",
    "bairro": "",
    "cidade": "Maputo",
    "provincia": "Maputo",
    "codigo_postal": "",
    "latitude": "-25.969200",
    "longitude": "32.573200",
    "horario_abertura": null,
    "horario_fechamento": null,
    "funciona_24h": false,
    "descricao": "",
    "logo": "",
    "foto_fachada": "",
    "banco_nome": "",
    "banco_conta": "",
    "banco_nib": "",
    "mpesa_numero": "",
    "emola_numero": "",
    "is_ativa": true,
    "is_verificada": false,
    "aceita_entregas": true,
    "raio_entrega_km": "5.00",
    "taxa_entrega": "0.00",
    "percentual_comissao_padrao": "0.00",
    "meta_bonus_mensal": "0.00",
    "percentual_bonus_extra": "0.00",
    "nota_media": "0.00",
    "total_avaliacoes": 0,
    "data_criacao": "2026-01-09T04:12:26.712Z",
    "data_atualizacao": "2026-01-11T18:52:44.116Z"
  }
},
{
  "model": "farmacias.farmacia",
  "pk": 4,
  "fields": {
    "usuario": 10,
    "gibagio": 1,
    "nome": "FARMACIA TESTE",
    "nome_fantasia": "",
    "nuit": "123456789",
    "alvara": "",
    "percentual_iva": "16.00",
    "telefone_principal": "841234567",
    "telefone_alternativo": "",
    "email": "contato@farmaciacentral.co.mz",
    "website": "",
    "endereco": "Av. Eduardo Mondlane, 123",
    "bairro": "Polana",
    "cidade": "Maputo",
    "provincia": "Maputo Cidade",
    "codigo_postal": "",
    "latitude": "-25.967882",
    "longitude": "32.585547",
    "horario_abertura": null,
    "horario_fechamento": null,
    "funciona_24h": false,
    "descricao": "",
    "logo": "",
    "foto_fachada": "",
    "banco_nome": "",
    "banco_conta": "",
    "banco_nib": "",
    "mpesa_numero": "",
    "emola_numero": "",
    "is_ativa": true,
    "is_verificada": false,
    "aceita_entregas": true,
    "raio_entrega_km": "5.00",
    "taxa_entrega": "0.00",
    "percentual_comissao_padrao": "0.00",
    "meta_bonus_mensal": "0.00",
    "percentual_bonus_extra": "0.00",
    "nota_media": "0.00",
    "total_avaliacoes": 0,
    "data_criacao": "2026-01-25T04:47:36.791Z",
    "data_atualizacao": "2026-01-29T12:32:49.121Z"
  }
},
{
  "model": "farmacias.notificacao",
  "pk": 1,
  "fields": {
    "farmacia": 4,
    "tipo": "VALIDADE",
    "titulo": "Validade Próxima: Amoxicilina 500mg",
    "mensagem": "O lote LOTE 1 de Amoxicilina 500mg vence em 2 dias (2026-01-27).",
    "lida": false,
    "data_criacao": "2026-01-25T04:59:47.860Z"
  }
},
{
  "model": "farmacias.notificacao",
  "pk": 2,
  "fields": {
    "farmacia": 2,
    "tipo": "VALIDADE",
    "titulo": "Validade Próxima: Ibuprofeno 400mg",
    "mensagem": "O lote LOTE 2 de Ibuprofeno 400mg vence em 5 dias (2026-01-30).",
    "lida": false,
    "data_criacao": "2026-01-25T04:59:47.889Z"
  }
},
{
  "model": "farmacias.notificacao",
  "pk": 3,
  "fields": {
    "farmacia": 2,
    "tipo": "EXPIRADO",
    "titulo": "PRODUTO EXPIRADO: Paracetamol 500mg",
    "mensagem": "O lote LOTE 1 de Paracetamol 500mg expirou em 2026-01-06.",
    "lida": false,
    "data_criacao": "2026-01-25T04:59:47.913Z"
  }
},
{
  "model": "farmacias.notificacao",
  "pk": 4,
  "fields": {
    "farmacia": 4,
    "tipo": "ESTOQUE",
    "titulo": "Estoque Baixo: Amoxicilina 500mg",
    "mensagem": "O produto Amoxicilina 500mg atingiu o nível crítico (10 unidades).",
    "lida": false,
    "data_criacao": "2026-01-25T04:59:47.934Z"
  }
},
{
  "model": "farmacias.notificacao",
  "pk": 5,
  "fields": {
    "farmacia": 4,
    "tipo": "VALIDADE",
    "titulo": "Validade Próxima: Paracetamol 500mg",
    "mensagem": "O lote lote  2 de Paracetamol 500mg vence em 16 dias (2026-02-10).",
    "lida": false,
    "data_criacao": "2026-01-25T06:39:08.969Z"
  }
},
{
  "model": "farmacias.notificacao",
  "pk": 6,
  "fields": {
    "farmacia": 4,
    "tipo": "VALIDADE",
    "titulo": "Validade Próxima: Ibuprofeno 400mg",
    "mensagem": "O lote AUTO-20260129-958C de Ibuprofeno 400mg vence em 30 dias (2026-02-28).",
    "lida": false,
    "data_criacao": "2026-01-29T06:00:33.225Z"
  }
},
{
  "model": "farmacias.notificacao",
  "pk": 7,
  "fields": {
    "farmacia": 4,
    "tipo": "ESTOQUE",
    "titulo": "RUPTURA: Ibuprofeno 400mg",
    "mensagem": "O produto Ibuprofeno 400mg (Lote: AUTO-20260129-958C) esgotou completamente no estoque.",
    "lida": false,
    "data_criacao": "2026-01-29T06:01:20.597Z"
  }
},
{
  "model": "produtos.categoriaproduto",
  "pk": 1,
  "fields": {
    "nome": "Medicamentos",
    "descricao": "Geral",
    "icone": "",
    "is_ativa": true,
    "ordem": 0
  }
},
{
  "model": "produtos.produto",
  "pk": 1,
  "fields": {
    "nome": "Paracetamol 500mg",
    "nome_generico": "Paracetamol",
    "codigo_barras": null,
    "codigo_interno": "",
    "unidade_medida": "UNIDADE",
    "unidades_por_caixa": 1,
    "permite_venda_avulsa": false,
    "categoria": 1,
    "tipo": "MEDICAMENTO",
    "descricao": "",
    "composicao": "",
    "indicacao": "",
    "contraindicacao": "",
    "posologia": "",
    "fabricante": "Gen?rico",
    "pais_origem": "",
    "requer_receita": false,
    "controlado": false,
    "registro_ministerio": "",
    "is_isento_iva": false,
    "taxa_iva": "16.00",
    "forma_farmaceutica": "",
    "concentracao": "",
    "quantidade_embalagem": "",
    "imagem_principal": "",
    "is_ativo": true,
    "percentual_comissao": "0.00",
    "data_criacao": "2026-01-09T02:34:27.175Z",
    "data_atualizacao": "2026-01-09T02:34:27.175Z"
  }
},
{
  "model": "produtos.produto",
  "pk": 2,
  "fields": {
    "nome": "Ibuprofeno 400mg",
    "nome_generico": "Ibuprofeno",
    "codigo_barras": null,
    "codigo_interno": "",
    "unidade_medida": "UNIDADE",
    "unidades_por_caixa": 1,
    "permite_venda_avulsa": false,
    "categoria": 1,
    "tipo": "MEDICAMENTO",
    "descricao": "",
    "composicao": "",
    "indicacao": "",
    "contraindicacao": "",
    "posologia": "",
    "fabricante": "Bayer",
    "pais_origem": "",
    "requer_receita": false,
    "controlado": false,
    "registro_ministerio": "",
    "is_isento_iva": false,
    "taxa_iva": "16.00",
    "forma_farmaceutica": "",
    "concentracao": "",
    "quantidade_embalagem": "",
    "imagem_principal": "",
    "is_ativo": true,
    "percentual_comissao": "0.00",
    "data_criacao": "2026-01-09T02:34:27.183Z",
    "data_atualizacao": "2026-01-09T02:34:27.183Z"
  }
},
{
  "model": "produtos.produto",
  "pk": 3,
  "fields": {
    "nome": "Amoxicilina 500mg",
    "nome_generico": "Amoxicilina",
    "codigo_barras": null,
    "codigo_interno": "",
    "unidade_medida": "UNIDADE",
    "unidades_por_caixa": 1,
    "permite_venda_avulsa": false,
    "categoria": 1,
    "tipo": "MEDICAMENTO",
    "descricao": "",
    "composicao": "",
    "indicacao": "",
    "contraindicacao": "",
    "posologia": "",
    "fabricante": "EMS",
    "pais_origem": "",
    "requer_receita": true,
    "controlado": false,
    "registro_ministerio": "",
    "is_isento_iva": false,
    "taxa_iva": "16.00",
    "forma_farmaceutica": "",
    "concentracao": "",
    "quantidade_embalagem": "",
    "imagem_principal": "",
    "is_ativo": true,
    "percentual_comissao": "0.00",
    "data_criacao": "2026-01-09T02:34:27.193Z",
    "data_atualizacao": "2026-01-09T02:34:27.193Z"
  }
},
{
  "model": "produtos.estoqueproduto",
  "pk": 1,
  "fields": {
    "farmacia": 2,
    "produto": 1,
    "quantidade": 95,
    "quantidade_minima": 10,
    "lote": "L-260125-8ECF",
    "data_fabricacao": null,
    "data_validade": "2026-01-06",
    "preco_custo": "10.00",
    "preco_venda": "50.00",
    "preco_promocional": null,
    "em_promocao": false,
    "localizacao_estoque": "",
    "local": "LOJA",
    "preco_venda_avulso": null,
    "is_disponivel": true,
    "data_criacao": "2026-01-09T04:14:26.913Z",
    "data_atualizacao": "2026-01-25T11:01:07.799Z"
  }
},
{
  "model": "produtos.estoqueproduto",
  "pk": 2,
  "fields": {
    "farmacia": 2,
    "produto": 2,
    "quantidade": 99,
    "quantidade_minima": 10,
    "lote": "L-260125-CB68",
    "data_fabricacao": null,
    "data_validade": "2026-01-30",
    "preco_custo": "100.00",
    "preco_venda": "120.00",
    "preco_promocional": null,
    "em_promocao": false,
    "localizacao_estoque": "",
    "local": "LOJA",
    "preco_venda_avulso": null,
    "is_disponivel": true,
    "data_criacao": "2026-01-11T18:46:13.692Z",
    "data_atualizacao": "2026-01-25T11:01:07.789Z"
  }
},
{
  "model": "produtos.estoqueproduto",
  "pk": 3,
  "fields": {
    "farmacia": 4,
    "produto": 3,
    "quantidade": 7,
    "quantidade_minima": 10,
    "lote": "L-260125-FF86",
    "data_fabricacao": null,
    "data_validade": "2026-01-27",
    "preco_custo": "30.00",
    "preco_venda": "50.00",
    "preco_promocional": null,
    "em_promocao": false,
    "localizacao_estoque": "",
    "local": "LOJA",
    "preco_venda_avulso": null,
    "is_disponivel": true,
    "data_criacao": "2026-01-25T04:52:03.534Z",
    "data_atualizacao": "2026-01-25T11:01:07.779Z"
  }
},
{
  "model": "produtos.estoqueproduto",
  "pk": 4,
  "fields": {
    "farmacia": 4,
    "produto": 1,
    "quantidade": 148,
    "quantidade_minima": 10,
    "lote": "L-260125-3844",
    "data_fabricacao": null,
    "data_validade": "2026-02-10",
    "preco_custo": "25.00",
    "preco_venda": "65.00",
    "preco_promocional": null,
    "em_promocao": false,
    "localizacao_estoque": "",
    "local": "LOJA",
    "preco_venda_avulso": null,
    "is_disponivel": true,
    "data_criacao": "2026-01-25T06:39:08.954Z",
    "data_atualizacao": "2026-01-29T19:40:55.961Z"
  }
},
{
  "model": "produtos.estoqueproduto",
  "pk": 5,
  "fields": {
    "farmacia": 4,
    "produto": 2,
    "quantidade": 16,
    "quantidade_minima": 10,
    "lote": "L-260125-E836",
    "data_fabricacao": null,
    "data_validade": "2026-03-10",
    "preco_custo": "20.00",
    "preco_venda": "40.00",
    "preco_promocional": null,
    "em_promocao": false,
    "localizacao_estoque": "",
    "local": "LOJA",
    "preco_venda_avulso": null,
    "is_disponivel": true,
    "data_criacao": "2026-01-25T07:35:39.219Z",
    "data_atualizacao": "2026-01-29T19:40:55.953Z"
  }
},
{
  "model": "produtos.estoqueproduto",
  "pk": 6,
  "fields": {
    "farmacia": 4,
    "produto": 2,
    "quantidade": 125,
    "quantidade_minima": 10,
    "lote": "AUTO-20260129-958C",
    "data_fabricacao": null,
    "data_validade": "2026-02-28",
    "preco_custo": "25.00",
    "preco_venda": "100.00",
    "preco_promocional": null,
    "em_promocao": false,
    "localizacao_estoque": "",
    "local": "ARMAZEM",
    "preco_venda_avulso": null,
    "is_disponivel": true,
    "data_criacao": "2026-01-29T06:00:33.200Z",
    "data_atualizacao": "2026-01-29T06:01:20.605Z"
  }
},
{
  "model": "produtos.estoqueproduto",
  "pk": 7,
  "fields": {
    "farmacia": 4,
    "produto": 2,
    "quantidade": 11,
    "quantidade_minima": 10,
    "lote": "AUTO-20260129-958C",
    "data_fabricacao": null,
    "data_validade": "2026-02-28",
    "preco_custo": "25.00",
    "preco_venda": "100.00",
    "preco_promocional": null,
    "em_promocao": false,
    "localizacao_estoque": "",
    "local": "LOJA",
    "preco_venda_avulso": null,
    "is_disponivel": true,
    "data_criacao": "2026-01-29T06:01:20.592Z",
    "data_atualizacao": "2026-01-29T19:40:55.937Z"
  }
},
{
  "model": "produtos.movimentacaoestoque",
  "pk": 1,
  "fields": {
    "estoque": 6,
    "tipo": "TRANSFERENCIA",
    "quantidade": 15,
    "quantidade_anterior": 140,
    "quantidade_nova": 125,
    "custo_unitario": null,
    "preco_venda_unitario": null,
    "usuario": 10,
    "referencia_externa": "DESTINO ID: 7",
    "motivo": "Transferência para LOJA",
    "observacoes": "",
    "data_movimentacao": "2026-01-29T06:01:20.620Z"
  }
},
{
  "model": "produtos.movimentacaoestoque",
  "pk": 2,
  "fields": {
    "estoque": 7,
    "tipo": "TRANSFERENCIA",
    "quantidade": 15,
    "quantidade_anterior": 0,
    "quantidade_nova": 15,
    "custo_unitario": null,
    "preco_venda_unitario": null,
    "usuario": 10,
    "referencia_externa": "ORIGEM ID: 6",
    "motivo": "Transferência de ARMAZEM",
    "observacoes": "",
    "data_movimentacao": "2026-01-29T06:01:20.624Z"
  }
},
{
  "model": "produtos.movimentacaoestoque",
  "pk": 3,
  "fields": {
    "estoque": 7,
    "tipo": "SAIDA",
    "quantidade": 1,
    "quantidade_anterior": 15,
    "quantidade_nova": 14,
    "custo_unitario": "25.00",
    "preco_venda_unitario": "100.00",
    "usuario": 10,
    "referencia_externa": "Venda PED20260129060517",
    "motivo": "Venda de Balcão (POS)",
    "observacoes": "",
    "data_movimentacao": "2026-01-29T06:05:17.462Z"
  }
},
{
  "model": "produtos.movimentacaoestoque",
  "pk": 4,
  "fields": {
    "estoque": 7,
    "tipo": "SAIDA",
    "quantidade": 3,
    "quantidade_anterior": 14,
    "quantidade_nova": 11,
    "custo_unitario": "25.00",
    "preco_venda_unitario": "100.00",
    "usuario": 13,
    "referencia_externa": "Venda PED20260129194055",
    "motivo": "Venda de Balcão (POS)",
    "observacoes": "",
    "data_movimentacao": "2026-01-29T19:40:55.945Z"
  }
},
{
  "model": "produtos.movimentacaoestoque",
  "pk": 5,
  "fields": {
    "estoque": 5,
    "tipo": "SAIDA",
    "quantidade": 1,
    "quantidade_anterior": 17,
    "quantidade_nova": 16,
    "custo_unitario": "20.00",
    "preco_venda_unitario": "40.00",
    "usuario": 13,
    "referencia_externa": "Venda PED20260129194055",
    "motivo": "Venda de Balcão (POS)",
    "observacoes": "",
    "data_movimentacao": "2026-01-29T19:40:55.955Z"
  }
},
{
  "model": "produtos.movimentacaoestoque",
  "pk": 6,
  "fields": {
    "estoque": 4,
    "tipo": "SAIDA",
    "quantidade": 1,
    "quantidade_anterior": 149,
    "quantidade_nova": 148,
    "custo_unitario": "25.00",
    "preco_venda_unitario": "65.00",
    "usuario": 13,
    "referencia_externa": "Venda PED20260129194055",
    "motivo": "Venda de Balcão (POS)",
    "observacoes": "",
    "data_movimentacao": "2026-01-29T19:40:55.965Z"
  }
},
{
  "model": "pedidos.pedido",
  "pk": 1,
  "fields": {
    "numero_pedido": "PED20260109183730",
    "cliente": 2,
    "farmacia": 2,
    "entregador": null,
    "status": "ENTREGUE",
    "forma_pagamento": "DINHEIRO",
    "pago": true,
    "subtotal": "50.00",
    "taxa_entrega": "0.00",
    "desconto": "0.00",
    "total": "50.00",
    "valor_pago": "0.00",
    "troco": "0.00",
    "vendedor": 2,
    "endereco_entrega": "BALCÃO",
    "bairro": "-",
    "cidade": "-",
    "referencia": "",
    "latitude": null,
    "longitude": null,
    "telefone_contato": "-",
    "observacoes": "Venda Balcão - Cliente: Consumidor Final",
    "observacoes_farmacia": "",
    "receita_medica": "",
    "qrcode_coleta": "",
    "codigo_coleta": "",
    "coletado_em": null,
    "qrcode_entrega": "",
    "codigo_entrega": "",
    "validado": false,
    "data_validacao": null,
    "qrcode_fatura": "",
    "data_criacao": "2026-01-09T18:37:30.396Z",
    "data_confirmacao": null,
    "data_entrega_prevista": null,
    "data_entrega": null,
    "data_cancelamento": null,
    "motivo_cancelamento": ""
  }
},
{
  "model": "pedidos.pedido",
  "pk": 2,
  "fields": {
    "numero_pedido": "PED20260109200054",
    "cliente": 2,
    "farmacia": 2,
    "entregador": null,
    "status": "ENTREGUE",
    "forma_pagamento": "DINHEIRO",
    "pago": true,
    "subtotal": "50.00",
    "taxa_entrega": "0.00",
    "desconto": "0.00",
    "total": "50.00",
    "valor_pago": "0.00",
    "troco": "0.00",
    "vendedor": 2,
    "endereco_entrega": "BALCÃO",
    "bairro": "-",
    "cidade": "-",
    "referencia": "",
    "latitude": null,
    "longitude": null,
    "telefone_contato": "-",
    "observacoes": "Venda Balcão - Cliente: Cliente Debug",
    "observacoes_farmacia": "",
    "receita_medica": "",
    "qrcode_coleta": "",
    "codigo_coleta": "",
    "coletado_em": null,
    "qrcode_entrega": "",
    "codigo_entrega": "",
    "validado": false,
    "data_validacao": null,
    "qrcode_fatura": "pedidos/qrcodes/fatura/qr_fatura_PED20260109200054.png",
    "data_criacao": "2026-01-09T20:00:54.427Z",
    "data_confirmacao": null,
    "data_entrega_prevista": null,
    "data_entrega": null,
    "data_cancelamento": null,
    "motivo_cancelamento": ""
  }
},
{
  "model": "pedidos.pedido",
  "pk": 3,
  "fields": {
    "numero_pedido": "PED20260111182215",
    "cliente": 2,
    "farmacia": 2,
    "entregador": null,
    "status": "ENTREGUE",
    "forma_pagamento": "DINHEIRO",
    "pago": true,
    "subtotal": "50.00",
    "taxa_entrega": "0.00",
    "desconto": "0.00",
    "total": "50.00",
    "valor_pago": "0.00",
    "troco": "0.00",
    "vendedor": 2,
    "endereco_entrega": "BALCÃO",
    "bairro": "-",
    "cidade": "-",
    "referencia": "",
    "latitude": null,
    "longitude": null,
    "telefone_contato": "-",
    "observacoes": "Venda Balcão - Cliente: Consumidor Final",
    "observacoes_farmacia": "",
    "receita_medica": "",
    "qrcode_coleta": "",
    "codigo_coleta": "",
    "coletado_em": null,
    "qrcode_entrega": "",
    "codigo_entrega": "",
    "validado": false,
    "data_validacao": null,
    "qrcode_fatura": "pedidos/qrcodes/fatura/qr_fatura_PED20260111182215.png",
    "data_criacao": "2026-01-11T18:22:15.130Z",
    "data_confirmacao": null,
    "data_entrega_prevista": null,
    "data_entrega": null,
    "data_cancelamento": null,
    "motivo_cancelamento": ""
  }
},
{
  "model": "pedidos.pedido",
  "pk": 4,
  "fields": {
    "numero_pedido": "PED20260111184645",
    "cliente": 2,
    "farmacia": 2,
    "entregador": null,
    "status": "ENTREGUE",
    "forma_pagamento": "DINHEIRO",
    "pago": true,
    "subtotal": "170.00",
    "taxa_entrega": "0.00",
    "desconto": "0.00",
    "total": "170.00",
    "valor_pago": "0.00",
    "troco": "0.00",
    "vendedor": 2,
    "endereco_entrega": "BALCÃO",
    "bairro": "-",
    "cidade": "-",
    "referencia": "",
    "latitude": null,
    "longitude": null,
    "telefone_contato": "-",
    "observacoes": "Venda Balcão - Cliente: Consumidor Final",
    "observacoes_farmacia": "",
    "receita_medica": "",
    "qrcode_coleta": "",
    "codigo_coleta": "",
    "coletado_em": null,
    "qrcode_entrega": "",
    "codigo_entrega": "",
    "validado": false,
    "data_validacao": null,
    "qrcode_fatura": "pedidos/qrcodes/fatura/qr_fatura_PED20260111184645.png",
    "data_criacao": "2026-01-11T18:46:45.032Z",
    "data_confirmacao": null,
    "data_entrega_prevista": null,
    "data_entrega": null,
    "data_cancelamento": null,
    "motivo_cancelamento": ""
  }
},
{
  "model": "pedidos.pedido",
  "pk": 5,
  "fields": {
    "numero_pedido": "PED20260111192413",
    "cliente": 2,
    "farmacia": 2,
    "entregador": null,
    "status": "ENTREGUE",
    "forma_pagamento": "DINHEIRO",
    "pago": true,
    "subtotal": "50.00",
    "taxa_entrega": "0.00",
    "desconto": "0.00",
    "total": "50.00",
    "valor_pago": "0.00",
    "troco": "0.00",
    "vendedor": 2,
    "endereco_entrega": "BALCÃO",
    "bairro": "-",
    "cidade": "-",
    "referencia": "",
    "latitude": null,
    "longitude": null,
    "telefone_contato": "-",
    "observacoes": "Venda Balcão - Cliente: Consumidor Final",
    "observacoes_farmacia": "",
    "receita_medica": "",
    "qrcode_coleta": "",
    "codigo_coleta": "",
    "coletado_em": null,
    "qrcode_entrega": "",
    "codigo_entrega": "",
    "validado": false,
    "data_validacao": null,
    "qrcode_fatura": "pedidos/qrcodes/fatura/qr_fatura_PED20260111192413.png",
    "data_criacao": "2026-01-11T19:24:13.262Z",
    "data_confirmacao": null,
    "data_entrega_prevista": null,
    "data_entrega": null,
    "data_cancelamento": null,
    "motivo_cancelamento": ""
  }
},
{
  "model": "pedidos.pedido",
  "pk": 6,
  "fields": {
    "numero_pedido": "PED20260112171830",
    "cliente": 5,
    "farmacia": 2,
    "entregador": null,
    "status": "PENDENTE",
    "forma_pagamento": "DINHEIRO",
    "pago": false,
    "subtotal": "240.00",
    "taxa_entrega": "0.00",
    "desconto": "0.00",
    "total": "240.00",
    "valor_pago": "0.00",
    "troco": "0.00",
    "vendedor": 2,
    "endereco_entrega": "kkfjfjfkjjf",
    "bairro": "",
    "cidade": "Maputo",
    "referencia": "",
    "latitude": null,
    "longitude": null,
    "telefone_contato": "+258847981166",
    "observacoes": "",
    "observacoes_farmacia": "",
    "receita_medica": "",
    "qrcode_coleta": "pedidos/qrcodes/coleta/qr_coleta_PED20260112171830.png",
    "codigo_coleta": "I86ZB5",
    "coletado_em": null,
    "qrcode_entrega": "pedidos/qrcodes/entrega/qr_entrega_PED20260112171830.png",
    "codigo_entrega": "LLPR66",
    "validado": false,
    "data_validacao": null,
    "qrcode_fatura": "pedidos/qrcodes/fatura/qr_fatura_PED20260112171830.png",
    "data_criacao": "2026-01-12T17:18:30.221Z",
    "data_confirmacao": null,
    "data_entrega_prevista": null,
    "data_entrega": null,
    "data_cancelamento": null,
    "motivo_cancelamento": ""
  }
},
{
  "model": "pedidos.pedido",
  "pk": 7,
  "fields": {
    "numero_pedido": "PED20260112171900",
    "cliente": 5,
    "farmacia": 2,
    "entregador": null,
    "status": "PENDENTE",
    "forma_pagamento": "DINHEIRO",
    "pago": false,
    "subtotal": "240.00",
    "taxa_entrega": "0.00",
    "desconto": "0.00",
    "total": "240.00",
    "valor_pago": "0.00",
    "troco": "0.00",
    "vendedor": 2,
    "endereco_entrega": "kkfjfjfkjjf",
    "bairro": "",
    "cidade": "Maputo",
    "referencia": "",
    "latitude": null,
    "longitude": null,
    "telefone_contato": "+258847981166",
    "observacoes": "",
    "observacoes_farmacia": "",
    "receita_medica": "",
    "qrcode_coleta": "pedidos/qrcodes/coleta/qr_coleta_PED20260112171900.png",
    "codigo_coleta": "WTKAF2",
    "coletado_em": null,
    "qrcode_entrega": "pedidos/qrcodes/entrega/qr_entrega_PED20260112171900.png",
    "codigo_entrega": "FA9Q62",
    "validado": false,
    "data_validacao": null,
    "qrcode_fatura": "pedidos/qrcodes/fatura/qr_fatura_PED20260112171900.png",
    "data_criacao": "2026-01-12T17:19:00.416Z",
    "data_confirmacao": null,
    "data_entrega_prevista": null,
    "data_entrega": null,
    "data_cancelamento": null,
    "motivo_cancelamento": ""
  }
},
{
  "model": "pedidos.pedido",
  "pk": 8,
  "fields": {
    "numero_pedido": "PED20260112172347",
    "cliente": 5,
    "farmacia": 2,
    "entregador": null,
    "status": "PENDENTE",
    "forma_pagamento": "DINHEIRO",
    "pago": false,
    "subtotal": "240.00",
    "taxa_entrega": "0.00",
    "desconto": "0.00",
    "total": "240.00",
    "valor_pago": "0.00",
    "troco": "0.00",
    "vendedor": 2,
    "endereco_entrega": "kkfjfjfkjjf",
    "bairro": "",
    "cidade": "Maputo",
    "referencia": "",
    "latitude": null,
    "longitude": null,
    "telefone_contato": "+258847981166",
    "observacoes": "",
    "observacoes_farmacia": "",
    "receita_medica": "",
    "qrcode_coleta": "pedidos/qrcodes/coleta/qr_coleta_PED20260112172347.png",
    "codigo_coleta": "162HEQ",
    "coletado_em": null,
    "qrcode_entrega": "pedidos/qrcodes/entrega/qr_entrega_PED20260112172347.png",
    "codigo_entrega": "Q1Y0SG",
    "validado": false,
    "data_validacao": null,
    "qrcode_fatura": "pedidos/qrcodes/fatura/qr_fatura_PED20260112172347.png",
    "data_criacao": "2026-01-12T17:23:47.476Z",
    "data_confirmacao": null,
    "data_entrega_prevista": null,
    "data_entrega": null,
    "data_cancelamento": null,
    "motivo_cancelamento": ""
  }
},
{
  "model": "pedidos.pedido",
  "pk": 9,
  "fields": {
    "numero_pedido": "PED20260112172747",
    "cliente": 5,
    "farmacia": 2,
    "entregador": null,
    "status": "PENDENTE",
    "forma_pagamento": "DINHEIRO",
    "pago": false,
    "subtotal": "240.00",
    "taxa_entrega": "0.00",
    "desconto": "0.00",
    "total": "240.00",
    "valor_pago": "0.00",
    "troco": "0.00",
    "vendedor": 2,
    "endereco_entrega": "Alto Maé",
    "bairro": "",
    "cidade": "Maputo",
    "referencia": "",
    "latitude": null,
    "longitude": null,
    "telefone_contato": "+258847981166",
    "observacoes": "",
    "observacoes_farmacia": "",
    "receita_medica": "",
    "qrcode_coleta": "pedidos/qrcodes/coleta/qr_coleta_PED20260112172747.png",
    "codigo_coleta": "GDF0EN",
    "coletado_em": null,
    "qrcode_entrega": "pedidos/qrcodes/entrega/qr_entrega_PED20260112172747.png",
    "codigo_entrega": "DR1OXE",
    "validado": false,
    "data_validacao": null,
    "qrcode_fatura": "pedidos/qrcodes/fatura/qr_fatura_PED20260112172747.png",
    "data_criacao": "2026-01-12T17:27:47.512Z",
    "data_confirmacao": null,
    "data_entrega_prevista": null,
    "data_entrega": null,
    "data_cancelamento": null,
    "motivo_cancelamento": ""
  }
},
{
  "model": "pedidos.pedido",
  "pk": 10,
  "fields": {
    "numero_pedido": "PED20260112173238",
    "cliente": 5,
    "farmacia": 2,
    "entregador": null,
    "status": "PENDENTE",
    "forma_pagamento": "DINHEIRO",
    "pago": false,
    "subtotal": "240.00",
    "taxa_entrega": "0.00",
    "desconto": "0.00",
    "total": "240.00",
    "valor_pago": "0.00",
    "troco": "0.00",
    "vendedor": 2,
    "endereco_entrega": "kkkkk",
    "bairro": "",
    "cidade": "Maputo",
    "referencia": "",
    "latitude": null,
    "longitude": null,
    "telefone_contato": "+258847981166",
    "observacoes": "",
    "observacoes_farmacia": "",
    "receita_medica": "",
    "qrcode_coleta": "pedidos/qrcodes/coleta/qr_coleta_PED20260112173238.png",
    "codigo_coleta": "TGBCS2",
    "coletado_em": null,
    "qrcode_entrega": "pedidos/qrcodes/entrega/qr_entrega_PED20260112173238.png",
    "codigo_entrega": "7NY315",
    "validado": false,
    "data_validacao": null,
    "qrcode_fatura": "pedidos/qrcodes/fatura/qr_fatura_PED20260112173238.png",
    "data_criacao": "2026-01-12T17:32:38.729Z",
    "data_confirmacao": null,
    "data_entrega_prevista": null,
    "data_entrega": null,
    "data_cancelamento": null,
    "motivo_cancelamento": ""
  }
},
{
  "model": "pedidos.pedido",
  "pk": 11,
  "fields": {
    "numero_pedido": "PED20260112173710",
    "cliente": 5,
    "farmacia": 2,
    "entregador": null,
    "status": "PENDENTE",
    "forma_pagamento": "DINHEIRO",
    "pago": false,
    "subtotal": "120.00",
    "taxa_entrega": "0.00",
    "desconto": "0.00",
    "total": "120.00",
    "valor_pago": "0.00",
    "troco": "0.00",
    "vendedor": 2,
    "endereco_entrega": "hhhh",
    "bairro": "",
    "cidade": "Maputo",
    "referencia": "",
    "latitude": null,
    "longitude": null,
    "telefone_contato": "+258847981166",
    "observacoes": "",
    "observacoes_farmacia": "",
    "receita_medica": "",
    "qrcode_coleta": "pedidos/qrcodes/coleta/qr_coleta_PED20260112173710.png",
    "codigo_coleta": "INWK1N",
    "coletado_em": null,
    "qrcode_entrega": "pedidos/qrcodes/entrega/qr_entrega_PED20260112173710.png",
    "codigo_entrega": "TZKPFN",
    "validado": false,
    "data_validacao": null,
    "qrcode_fatura": "pedidos/qrcodes/fatura/qr_fatura_PED20260112173710.png",
    "data_criacao": "2026-01-12T17:37:10.508Z",
    "data_confirmacao": null,
    "data_entrega_prevista": null,
    "data_entrega": null,
    "data_cancelamento": null,
    "motivo_cancelamento": ""
  }
},
{
  "model": "pedidos.pedido",
  "pk": 12,
  "fields": {
    "numero_pedido": "PED20260125055415",
    "cliente": 10,
    "farmacia": 2,
    "entregador": null,
    "status": "PENDENTE",
    "forma_pagamento": "DINHEIRO",
    "pago": false,
    "subtotal": "120.00",
    "taxa_entrega": "0.00",
    "desconto": "0.00",
    "total": "120.00",
    "valor_pago": "0.00",
    "troco": "0.00",
    "vendedor": 2,
    "endereco_entrega": "hhh",
    "bairro": "",
    "cidade": "Maputo",
    "referencia": "",
    "latitude": null,
    "longitude": null,
    "telefone_contato": "",
    "observacoes": "",
    "observacoes_farmacia": "",
    "receita_medica": "",
    "qrcode_coleta": "pedidos/qrcodes/coleta/qr_coleta_PED20260125055415.png",
    "codigo_coleta": "8M0OON",
    "coletado_em": null,
    "qrcode_entrega": "pedidos/qrcodes/entrega/qr_entrega_PED20260125055415.png",
    "codigo_entrega": "PM94SU",
    "validado": false,
    "data_validacao": null,
    "qrcode_fatura": "pedidos/qrcodes/fatura/qr_fatura_PED20260125055415.png",
    "data_criacao": "2026-01-25T05:54:15.159Z",
    "data_confirmacao": null,
    "data_entrega_prevista": null,
    "data_entrega": null,
    "data_cancelamento": null,
    "motivo_cancelamento": ""
  }
},
{
  "model": "pedidos.pedido",
  "pk": 13,
  "fields": {
    "numero_pedido": "PED20260125064117",
    "cliente": 10,
    "farmacia": 4,
    "entregador": null,
    "status": "ENTREGUE",
    "forma_pagamento": "DINHEIRO",
    "pago": true,
    "subtotal": "100.00",
    "taxa_entrega": "0.00",
    "desconto": "0.00",
    "total": "100.00",
    "valor_pago": "0.00",
    "troco": "0.00",
    "vendedor": 10,
    "endereco_entrega": "BALCÃO",
    "bairro": "-",
    "cidade": "-",
    "referencia": "",
    "latitude": null,
    "longitude": null,
    "telefone_contato": "-",
    "observacoes": "Venda Balcão - Cliente: Consumidor Final",
    "observacoes_farmacia": "",
    "receita_medica": "",
    "qrcode_coleta": "",
    "codigo_coleta": "",
    "coletado_em": null,
    "qrcode_entrega": "",
    "codigo_entrega": "",
    "validado": false,
    "data_validacao": null,
    "qrcode_fatura": "pedidos/qrcodes/fatura/qr_fatura_PED20260125064117.png",
    "data_criacao": "2026-01-25T06:41:17.838Z",
    "data_confirmacao": null,
    "data_entrega_prevista": null,
    "data_entrega": null,
    "data_cancelamento": null,
    "motivo_cancelamento": ""
  }
},
{
  "model": "pedidos.pedido",
  "pk": 14,
  "fields": {
    "numero_pedido": "PED20260125082031",
    "cliente": 10,
    "farmacia": 4,
    "entregador": null,
    "status": "ENTREGUE",
    "forma_pagamento": "DINHEIRO",
    "pago": true,
    "subtotal": "40.00",
    "taxa_entrega": "0.00",
    "desconto": "0.00",
    "total": "40.00",
    "valor_pago": "0.00",
    "troco": "0.00",
    "vendedor": 10,
    "endereco_entrega": "BALCÃO",
    "bairro": "-",
    "cidade": "-",
    "referencia": "",
    "latitude": null,
    "longitude": null,
    "telefone_contato": "-",
    "observacoes": "Venda Balcão - Cliente: AFONSO PENE",
    "observacoes_farmacia": "",
    "receita_medica": "",
    "qrcode_coleta": "",
    "codigo_coleta": "",
    "coletado_em": null,
    "qrcode_entrega": "",
    "codigo_entrega": "",
    "validado": false,
    "data_validacao": null,
    "qrcode_fatura": "pedidos/qrcodes/fatura/qr_fatura_PED20260125082031.png",
    "data_criacao": "2026-01-25T08:20:31.720Z",
    "data_confirmacao": null,
    "data_entrega_prevista": null,
    "data_entrega": null,
    "data_cancelamento": null,
    "motivo_cancelamento": ""
  }
},
{
  "model": "pedidos.pedido",
  "pk": 15,
  "fields": {
    "numero_pedido": "PED20260125090037",
    "cliente": 10,
    "farmacia": 4,
    "entregador": null,
    "status": "ENTREGUE",
    "forma_pagamento": "DINHEIRO",
    "pago": true,
    "subtotal": "40.00",
    "taxa_entrega": "0.00",
    "desconto": "0.00",
    "total": "40.00",
    "valor_pago": "0.00",
    "troco": "0.00",
    "vendedor": 10,
    "endereco_entrega": "BALCÃO",
    "bairro": "-",
    "cidade": "-",
    "referencia": "",
    "latitude": null,
    "longitude": null,
    "telefone_contato": "-",
    "observacoes": "Venda Balcão - Cliente: Afonso Pene",
    "observacoes_farmacia": "",
    "receita_medica": "",
    "qrcode_coleta": "",
    "codigo_coleta": "",
    "coletado_em": null,
    "qrcode_entrega": "",
    "codigo_entrega": "",
    "validado": false,
    "data_validacao": null,
    "qrcode_fatura": "pedidos/qrcodes/fatura/qr_fatura_PED20260125090037.png",
    "data_criacao": "2026-01-25T09:00:37.872Z",
    "data_confirmacao": null,
    "data_entrega_prevista": null,
    "data_entrega": null,
    "data_cancelamento": null,
    "motivo_cancelamento": ""
  }
},
{
  "model": "pedidos.pedido",
  "pk": 16,
  "fields": {
    "numero_pedido": "PED20260125090717",
    "cliente": 10,
    "farmacia": 4,
    "entregador": null,
    "status": "ENTREGUE",
    "forma_pagamento": "DINHEIRO",
    "pago": true,
    "subtotal": "50.00",
    "taxa_entrega": "0.00",
    "desconto": "0.00",
    "total": "50.00",
    "valor_pago": "0.00",
    "troco": "0.00",
    "vendedor": 10,
    "endereco_entrega": "BALCÃO",
    "bairro": "-",
    "cidade": "-",
    "referencia": "",
    "latitude": null,
    "longitude": null,
    "telefone_contato": "-",
    "observacoes": "Venda Balcão - Cliente: Afonso Pene",
    "observacoes_farmacia": "",
    "receita_medica": "",
    "qrcode_coleta": "",
    "codigo_coleta": "",
    "coletado_em": null,
    "qrcode_entrega": "",
    "codigo_entrega": "",
    "validado": false,
    "data_validacao": null,
    "qrcode_fatura": "pedidos/qrcodes/fatura/qr_fatura_PED20260125090717.png",
    "data_criacao": "2026-01-25T09:07:17.818Z",
    "data_confirmacao": null,
    "data_entrega_prevista": null,
    "data_entrega": null,
    "data_cancelamento": null,
    "motivo_cancelamento": ""
  }
},
{
  "model": "pedidos.pedido",
  "pk": 17,
  "fields": {
    "numero_pedido": "PED20260125091630",
    "cliente": 10,
    "farmacia": 4,
    "entregador": null,
    "status": "ENTREGUE",
    "forma_pagamento": "DINHEIRO",
    "pago": true,
    "subtotal": "65.00",
    "taxa_entrega": "0.00",
    "desconto": "0.00",
    "total": "65.00",
    "valor_pago": "0.00",
    "troco": "0.00",
    "vendedor": 10,
    "endereco_entrega": "BALCÃO",
    "bairro": "-",
    "cidade": "-",
    "referencia": "",
    "latitude": null,
    "longitude": null,
    "telefone_contato": "-",
    "observacoes": "Venda Balcão - Cliente: Afonso Pene",
    "observacoes_farmacia": "",
    "receita_medica": "receitas/2026/01/receita.jpg",
    "qrcode_coleta": "",
    "codigo_coleta": "",
    "coletado_em": null,
    "qrcode_entrega": "",
    "codigo_entrega": "",
    "validado": false,
    "data_validacao": null,
    "qrcode_fatura": "pedidos/qrcodes/fatura/qr_fatura_PED20260125091630.png",
    "data_criacao": "2026-01-25T09:16:30.793Z",
    "data_confirmacao": null,
    "data_entrega_prevista": null,
    "data_entrega": null,
    "data_cancelamento": null,
    "motivo_cancelamento": ""
  }
},
{
  "model": "pedidos.pedido",
  "pk": 18,
  "fields": {
    "numero_pedido": "PED20260129052823",
    "cliente": 10,
    "farmacia": 4,
    "entregador": null,
    "status": "ENTREGUE",
    "forma_pagamento": "DINHEIRO",
    "pago": true,
    "subtotal": "40.00",
    "taxa_entrega": "0.00",
    "desconto": "0.00",
    "total": "40.00",
    "valor_pago": "100.00",
    "troco": "60.00",
    "vendedor": 10,
    "endereco_entrega": "BALCÃO",
    "bairro": "-",
    "cidade": "-",
    "referencia": "",
    "latitude": null,
    "longitude": null,
    "telefone_contato": "-",
    "observacoes": "Venda Balcão - Cliente: Consumidor Final",
    "observacoes_farmacia": "",
    "receita_medica": "",
    "qrcode_coleta": "",
    "codigo_coleta": "",
    "coletado_em": null,
    "qrcode_entrega": "",
    "codigo_entrega": "",
    "validado": false,
    "data_validacao": null,
    "qrcode_fatura": "pedidos/qrcodes/fatura/qr_fatura_PED20260129052823.png",
    "data_criacao": "2026-01-29T05:28:23.986Z",
    "data_confirmacao": null,
    "data_entrega_prevista": null,
    "data_entrega": null,
    "data_cancelamento": null,
    "motivo_cancelamento": ""
  }
},
{
  "model": "pedidos.pedido",
  "pk": 19,
  "fields": {
    "numero_pedido": "PED20260129060517",
    "cliente": 10,
    "farmacia": 4,
    "entregador": null,
    "status": "ENTREGUE",
    "forma_pagamento": "DINHEIRO",
    "pago": true,
    "subtotal": "100.00",
    "taxa_entrega": "0.00",
    "desconto": "0.00",
    "total": "100.00",
    "valor_pago": "200.00",
    "troco": "100.00",
    "vendedor": 10,
    "endereco_entrega": "BALCÃO",
    "bairro": "-",
    "cidade": "-",
    "referencia": "",
    "latitude": null,
    "longitude": null,
    "telefone_contato": "-",
    "observacoes": "Venda Balcão - Cliente: Consumidor Final",
    "observacoes_farmacia": "",
    "receita_medica": "",
    "qrcode_coleta": "",
    "codigo_coleta": "",
    "coletado_em": null,
    "qrcode_entrega": "",
    "codigo_entrega": "",
    "validado": false,
    "data_validacao": null,
    "qrcode_fatura": "pedidos/qrcodes/fatura/qr_fatura_PED20260129060517.png",
    "data_criacao": "2026-01-29T06:05:17.134Z",
    "data_confirmacao": null,
    "data_entrega_prevista": null,
    "data_entrega": null,
    "data_cancelamento": null,
    "motivo_cancelamento": ""
  }
},
{
  "model": "pedidos.pedido",
  "pk": 20,
  "fields": {
    "numero_pedido": "PED20260129194055",
    "cliente": 13,
    "farmacia": 4,
    "entregador": null,
    "status": "ENTREGUE",
    "forma_pagamento": "DINHEIRO",
    "pago": true,
    "subtotal": "405.00",
    "taxa_entrega": "0.00",
    "desconto": "0.00",
    "total": "405.00",
    "valor_pago": "420.00",
    "troco": "15.00",
    "vendedor": 13,
    "endereco_entrega": "BALCÃO",
    "bairro": "-",
    "cidade": "-",
    "referencia": "",
    "latitude": null,
    "longitude": null,
    "telefone_contato": "-",
    "observacoes": "Venda Balcão - Cliente: Consumidor Final",
    "observacoes_farmacia": "",
    "receita_medica": "",
    "qrcode_coleta": "",
    "codigo_coleta": "",
    "coletado_em": null,
    "qrcode_entrega": "",
    "codigo_entrega": "",
    "validado": false,
    "data_validacao": null,
    "qrcode_fatura": "pedidos/qrcodes/fatura/qr_fatura_PED20260129194055.png",
    "data_criacao": "2026-01-29T19:40:55.798Z",
    "data_confirmacao": null,
    "data_entrega_prevista": null,
    "data_entrega": null,
    "data_cancelamento": null,
    "motivo_cancelamento": ""
  }
},
{
  "model": "pedidos.itempedido",
  "pk": 13,
  "fields": {
    "pedido": 12,
    "produto": 2,
    "estoque": null,
    "quantidade": 1,
    "preco_unitario": "120.00",
    "subtotal": "120.00",
    "is_avulso": false,
    "valor_comissao": "0.00",
    "observacoes": ""
  }
},
{
  "model": "pedidos.itempedido",
  "pk": 14,
  "fields": {
    "pedido": 13,
    "produto": 3,
    "estoque": 3,
    "quantidade": 2,
    "preco_unitario": "50.00",
    "subtotal": "100.00",
    "is_avulso": false,
    "valor_comissao": "0.00",
    "observacoes": ""
  }
},
{
  "model": "pedidos.itempedido",
  "pk": 15,
  "fields": {
    "pedido": 14,
    "produto": 2,
    "estoque": 5,
    "quantidade": 1,
    "preco_unitario": "40.00",
    "subtotal": "40.00",
    "is_avulso": false,
    "valor_comissao": "0.00",
    "observacoes": ""
  }
},
{
  "model": "pedidos.itempedido",
  "pk": 16,
  "fields": {
    "pedido": 15,
    "produto": 2,
    "estoque": 5,
    "quantidade": 1,
    "preco_unitario": "40.00",
    "subtotal": "40.00",
    "is_avulso": false,
    "valor_comissao": "0.00",
    "observacoes": ""
  }
},
{
  "model": "pedidos.itempedido",
  "pk": 17,
  "fields": {
    "pedido": 16,
    "produto": 3,
    "estoque": 3,
    "quantidade": 1,
    "preco_unitario": "50.00",
    "subtotal": "50.00",
    "is_avulso": false,
    "valor_comissao": "0.00",
    "observacoes": ""
  }
},
{
  "model": "pedidos.itempedido",
  "pk": 18,
  "fields": {
    "pedido": 17,
    "produto": 1,
    "estoque": 4,
    "quantidade": 1,
    "preco_unitario": "65.00",
    "subtotal": "65.00",
    "is_avulso": false,
    "valor_comissao": "0.00",
    "observacoes": ""
  }
},
{
  "model": "pedidos.itempedido",
  "pk": 19,
  "fields": {
    "pedido": 18,
    "produto": 2,
    "estoque": 5,
    "quantidade": 1,
    "preco_unitario": "40.00",
    "subtotal": "40.00",
    "is_avulso": false,
    "valor_comissao": "0.00",
    "observacoes": ""
  }
},
{
  "model": "pedidos.itempedido",
  "pk": 20,
  "fields": {
    "pedido": 19,
    "produto": 2,
    "estoque": 7,
    "quantidade": 1,
    "preco_unitario": "100.00",
    "subtotal": "100.00",
    "is_avulso": false,
    "valor_comissao": "0.00",
    "observacoes": ""
  }
},
{
  "model": "pedidos.itempedido",
  "pk": 21,
  "fields": {
    "pedido": 20,
    "produto": 2,
    "estoque": 7,
    "quantidade": 3,
    "preco_unitario": "100.00",
    "subtotal": "300.00",
    "is_avulso": false,
    "valor_comissao": "0.00",
    "observacoes": ""
  }
},
{
  "model": "pedidos.itempedido",
  "pk": 22,
  "fields": {
    "pedido": 20,
    "produto": 2,
    "estoque": 5,
    "quantidade": 1,
    "preco_unitario": "40.00",
    "subtotal": "40.00",
    "is_avulso": false,
    "valor_comissao": "0.00",
    "observacoes": ""
  }
},
{
  "model": "pedidos.itempedido",
  "pk": 23,
  "fields": {
    "pedido": 20,
    "produto": 1,
    "estoque": 4,
    "quantidade": 1,
    "preco_unitario": "65.00",
    "subtotal": "65.00",
    "is_avulso": false,
    "valor_comissao": "0.00",
    "observacoes": ""
  }
},
{
  "model": "entregas.entregador",
  "pk": 1,
  "fields": {
    "usuario": 6,
    "documento_identidade": "TEMP-B466078F",
    "data_nascimento": "2000-01-01",
    "foto_documento": "",
    "foto_perfil": "",
    "tipo_veiculo": "MOTO",
    "placa_veiculo": "ABC-1234",
    "modelo_veiculo": "",
    "cor_veiculo": "",
    "estado_veiculo": "",
    "foto_veiculo": "",
    "carta_conducao": "",
    "validade_carta": null,
    "documento_veiculo": "",
    "status_aprovacao": "PENDENTE",
    "motivo_rejeicao": "",
    "data_aprovacao": null,
    "aprovado_por": null,
    "status": "OFFLINE",
    "is_verificado": false,
    "is_ativo": true,
    "latitude_atual": null,
    "longitude_atual": null,
    "ultima_localizacao": null,
    "total_entregas": 0,
    "nota_media": "0.00",
    "total_avaliacoes": 0,
    "data_cadastro": "2026-01-13T00:11:35.293Z",
    "data_atualizacao": "2026-01-13T00:11:35.293Z"
  }
},
{
  "model": "entregas.entregador",
  "pk": 2,
  "fields": {
    "usuario": 7,
    "documento_identidade": "TEMP-AC79ADD5",
    "data_nascimento": "2000-01-01",
    "foto_documento": "",
    "foto_perfil": "",
    "tipo_veiculo": "MOTO",
    "placa_veiculo": "",
    "modelo_veiculo": "",
    "cor_veiculo": "",
    "estado_veiculo": "",
    "foto_veiculo": "",
    "carta_conducao": "",
    "validade_carta": null,
    "documento_veiculo": "",
    "status_aprovacao": "PENDENTE",
    "motivo_rejeicao": "",
    "data_aprovacao": null,
    "aprovado_por": null,
    "status": "OFFLINE",
    "is_verificado": false,
    "is_ativo": true,
    "latitude_atual": null,
    "longitude_atual": null,
    "ultima_localizacao": null,
    "total_entregas": 0,
    "nota_media": "0.00",
    "total_avaliacoes": 0,
    "data_cadastro": "2026-01-13T00:14:50.059Z",
    "data_atualizacao": "2026-01-13T00:14:50.059Z"
  }
},
{
  "model": "entregas.entregador",
  "pk": 3,
  "fields": {
    "usuario": 8,
    "documento_identidade": "TEMP-084BF629",
    "data_nascimento": "2000-01-01",
    "foto_documento": "",
    "foto_perfil": "",
    "tipo_veiculo": "MOTO",
    "placa_veiculo": "",
    "modelo_veiculo": "",
    "cor_veiculo": "",
    "estado_veiculo": "",
    "foto_veiculo": "",
    "carta_conducao": "",
    "validade_carta": null,
    "documento_veiculo": "",
    "status_aprovacao": "PENDENTE",
    "motivo_rejeicao": "",
    "data_aprovacao": null,
    "aprovado_por": null,
    "status": "OFFLINE",
    "is_verificado": false,
    "is_ativo": true,
    "latitude_atual": null,
    "longitude_atual": null,
    "ultima_localizacao": null,
    "total_entregas": 0,
    "nota_media": "0.00",
    "total_avaliacoes": 0,
    "data_cadastro": "2026-01-13T00:29:27.873Z",
    "data_atualizacao": "2026-01-13T00:29:27.873Z"
  }
},
{
  "model": "entregas.entregador",
  "pk": 4,
  "fields": {
    "usuario": 11,
    "documento_identidade": "DOC-123456",
    "data_nascimento": "1995-05-20",
    "foto_documento": "",
    "foto_perfil": "",
    "tipo_veiculo": "MOTO",
    "placa_veiculo": "ABC-123-MP",
    "modelo_veiculo": "",
    "cor_veiculo": "",
    "estado_veiculo": "",
    "foto_veiculo": "",
    "carta_conducao": "",
    "validade_carta": null,
    "documento_veiculo": "",
    "status_aprovacao": "APROVADO",
    "motivo_rejeicao": "",
    "data_aprovacao": null,
    "aprovado_por": null,
    "status": "OFFLINE",
    "is_verificado": true,
    "is_ativo": true,
    "latitude_atual": null,
    "longitude_atual": null,
    "ultima_localizacao": null,
    "total_entregas": 0,
    "nota_media": "0.00",
    "total_avaliacoes": 0,
    "data_cadastro": "2026-01-25T04:47:37.414Z",
    "data_atualizacao": "2026-01-25T04:47:37.414Z"
  }
},
{
  "model": "financeiro.categoriadespesa",
  "pk": 1,
  "fields": {
    "nome": "Salários e Ordenados",
    "descricao": "Pagamentos de funcionários e colaboradores",
    "farmacia": null
  }
},
{
  "model": "financeiro.categoriadespesa",
  "pk": 2,
  "fields": {
    "nome": "Água e Esgoto",
    "descricao": "Faturas mensais de fornecimento de água",
    "farmacia": null
  }
},
{
  "model": "financeiro.categoriadespesa",
  "pk": 3,
  "fields": {
    "nome": "Energia Elétrica / EDM",
    "descricao": "Faturas de luz e energia (Credelec/Pós-pago)",
    "farmacia": null
  }
},
{
  "model": "financeiro.categoriadespesa",
  "pk": 4,
  "fields": {
    "nome": "Internet e Comunicação",
    "descricao": "Recargas, mensalidades de internet e telefone",
    "farmacia": null
  }
},
{
  "model": "financeiro.categoriadespesa",
  "pk": 5,
  "fields": {
    "nome": "Arrendamento / Aluguel",
    "descricao": "Custo do espaço físico da farmácia",
    "farmacia": null
  }
},
{
  "model": "financeiro.categoriadespesa",
  "pk": 6,
  "fields": {
    "nome": "Lixo Hospitalar / Tóxico",
    "descricao": "Serviço de recolha de medicamentos vencidos e lixo biológico",
    "farmacia": null
  }
},
{
  "model": "financeiro.categoriadespesa",
  "pk": 7,
  "fields": {
    "nome": "Limpeza e Higiene",
    "descricao": "Produtos de limpeza, álcool, papel higiénico",
    "farmacia": null
  }
},
{
  "model": "financeiro.categoriadespesa",
  "pk": 8,
  "fields": {
    "nome": "Insumos de Balcão e Papelaria",
    "descricao": "Rolos térmicos, sacolas, papelaria, toners",
    "farmacia": null
  }
},
{
  "model": "financeiro.categoriadespesa",
  "pk": 9,
  "fields": {
    "nome": "Manutenção e Reparos",
    "descricao": "Ar condicionado, lâmpadas, pintura, pequenos reparos",
    "farmacia": null
  }
},
{
  "model": "financeiro.categoriadespesa",
  "pk": 10,
  "fields": {
    "nome": "Segurança e Vigilância",
    "descricao": "Empresas de segurança ou guarda noturno",
    "farmacia": null
  }
},
{
  "model": "financeiro.categoriadespesa",
  "pk": 11,
  "fields": {
    "nome": "Taxas e Licenças",
    "descricao": "Alvarás, taxas municipais, quotas da ordem",
    "farmacia": null
  }
},
{
  "model": "financeiro.categoriadespesa",
  "pk": 12,
  "fields": {
    "nome": "Combustível e Transporte",
    "descricao": "Combustível para entregas e deslocações",
    "farmacia": null
  }
},
{
  "model": "financeiro.categoriadespesa",
  "pk": 13,
  "fields": {
    "nome": "Marketing e Publicidade",
    "descricao": "Panfletos, rádio, redes sociais",
    "farmacia": null
  }
},
{
  "model": "financeiro.categoriadespesa",
  "pk": 14,
  "fields": {
    "nome": "Impostos e Taxas Bancárias",
    "descricao": "Taxas de POS, transferências e impostos",
    "farmacia": null
  }
},
{
  "model": "financeiro.categoriadespesa",
  "pk": 15,
  "fields": {
    "nome": "Outras Despesas",
    "descricao": "Despesas diversas não categorizadas",
    "farmacia": null
  }
},
{
  "model": "financeiro.despesa",
  "pk": 1,
  "fields": {
    "farmacia": 4,
    "categoria": 12,
    "titulo": "COMBUSTIVEL NELSPRUIT",
    "valor": "4340.00",
    "data_vencimento": "2026-01-25",
    "data_pagamento": "2026-01-25",
    "status": "PAGO",
    "metodo_pagamento": null,
    "observacoes": "",
    "comprovante": "",
    "is_recorrente": true,
    "dia_vencimento_recorrente": null,
    "criado_por": 10,
    "data_criacao": "2026-01-25T10:48:16.167Z",
    "data_atualizacao": "2026-01-25T10:48:16.167Z"
  }
},
{
  "model": "financeiro.despesa",
  "pk": 2,
  "fields": {
    "farmacia": 4,
    "categoria": 15,
    "titulo": "PAPEL HIGIENICO",
    "valor": "150.00",
    "data_vencimento": "2026-01-27",
    "data_pagamento": null,
    "status": "PENDENTE",
    "metodo_pagamento": null,
    "observacoes": "",
    "comprovante": "",
    "is_recorrente": false,
    "dia_vencimento_recorrente": null,
    "criado_por": 10,
    "data_criacao": "2026-01-25T11:08:43.671Z",
    "data_atualizacao": "2026-01-25T11:08:43.671Z"
  }
},
{
  "model": "rh.funcionario",
  "pk": 1,
  "fields": {
    "nome": "AMILCAR DAS NEVES",
    "usuario": 13,
    "farmacia": 4,
    "cargo": "CAIXA",
    "salario_base": "7000.00",
    "data_admissao": "2026-01-01",
    "ativo": true,
    "telefone": "87777777",
    "email": "amilcar@amilcar.com",
    "nuit": "",
    "endereco": ""
  }
},
{
  "model": "rh.funcionario",
  "pk": 2,
  "fields": {
    "nome": "Naldo Uber",
    "usuario": 10,
    "farmacia": 4,
    "cargo": "GERENTE",
    "salario_base": "10000.00",
    "data_admissao": "2026-01-25",
    "ativo": true,
    "telefone": "841234567",
    "email": "farmacia@gestorfarma.com",
    "nuit": "",
    "endereco": ""
  }
},
{
  "model": "rh.funcionario",
  "pk": 3,
  "fields": {
    "nome": "Farmacia Teste",
    "usuario": 2,
    "farmacia": 2,
    "cargo": "GERENTE",
    "salario_base": "0.00",
    "data_admissao": "2026-01-09",
    "ativo": true,
    "telefone": "840000000",
    "email": "farmacia@teste.com",
    "nuit": "",
    "endereco": ""
  }
},
{
  "model": "clientes.cliente",
  "pk": 1,
  "fields": {
    "farmacia": 4,
    "usuario": null,
    "nome_completo": "Afonso Pene",
    "telefone": "+258847981166",
    "email": null,
    "nuit": "",
    "endereco": "",
    "bairro": "",
    "cidade": "Maputo",
    "tipo": "CADASTRADO",
    "observacoes": "",
    "data_cadastro": "2026-01-25T08:58:30.250Z",
    "data_atualizacao": "2026-01-25T08:58:30.251Z",
    "is_ativo": true
  }
}
]
